{
  "quimb_dmrg1": {
    "energy": -5.142090628199443,
    "energy_per_site": -0.4285075523499536,
    "sweeps": 9,
    "tolerance": 1e-12,
    "cutoff": 1e-14,
    "converged": true,
    "wall_time": 0.16801118850708008,
    "threads": 1
  },
  "quimb_dmrg2": {
    "energy": -5.142090628178122,
    "energy_per_site": -0.4285075523481768,
    "sweeps": 4,
    "tolerance": 1e-12,
    "cutoff": 1e-14,
    "converged": true,
    "wall_time": 0.06307172775268555,
    "threads": 1
  }
}