{
  "quimb_dmrg1": {
    "energy": -13.997308480725982,
    "energy_per_site": -0.43741589002268694,
    "sweeps": 15,
    "tolerance": 1e-12,
    "cutoff": 1e-14,
    "converged": true,
    "wall_time": 0.5565433502197266,
    "threads": 1
  },
  "quimb_dmrg2": {
    "energy": -13.997308356324055,
    "energy_per_site": -0.4374158861351267,
    "sweeps": 7,
    "tolerance": 1e-12,
    "cutoff": 1e-14,
    "converged": true,
    "wall_time": 0.328049898147583,
    "threads": 1
  }
}