{
  "quimb_dmrg1": {
    "energy": -21.08591102277025,
    "energy_per_site": -0.43928981297438024,
    "sweeps": 20,
    "tolerance": 1e-12,
    "cutoff": 1e-14,
    "converged": true,
    "wall_time": 1.135127067565918,
    "threads": 1
  },
  "quimb_dmrg2": {
    "energy": -21.085910169190804,
    "energy_per_site": -0.4392897951914751,
    "sweeps": 9,
    "tolerance": 1e-12,
    "cutoff": 1e-14,
    "converged": true,
    "wall_time": 0.6770336627960205,
    "threads": 1
  }
}