{
  "quimb_dmrg1": {
    "energy": -7.839066465322219,
    "energy_per_site": -0.39195332326611093,
    "sweeps": 50,
    "tolerance": 1e-12,
    "cutoff": 1e-14,
    "converged": true,
    "wall_time": 408.28457164764404,
    "threads": 1
  },
  "quimb_dmrg2": {
    "energy": -7.839066448948966,
    "energy_per_site": -0.3919533224474483,
    "sweeps": 23,
    "tolerance": 1e-12,
    "cutoff": 1e-14,
    "converged": true,
    "wall_time": 408.66137766838074,
    "threads": 1
  }
}