{
  "implementation": "pdmrg-gpu",
  "architecture": "mi300x",
  "benchmark": "challenge",
  "timestamp": "20260415_170115_pdmrg_fixed_only",
  "results": [
    {
      "impl": "pdmrg-gpu",
      "model": "heisenberg",
      "L": 50,
      "chi": 64,
      "sweeps": 20,
      "arch": "mi300x",
      "benchmark": "challenge",
      "threads": 1,
      "np": 1,
      "success": true,
      "time": 8.428,
      "time_median": 8.428,
      "time_min": 7.05,
      "times": [
        7.05,
        8.428,
        11.521
      ],
      "energy": -21.972110272154,
      "energies": [
        -21.972110272149,
        -21.972110272154,
        -21.972110272154
      ],
      "repeats": 3,
      "successful_reps": 3
    },
    {
      "impl": "pdmrg-gpu",
      "model": "heisenberg",
      "L": 50,
      "chi": 128,
      "sweeps": 20,
      "arch": "mi300x",
      "benchmark": "challenge",
      "threads": 1,
      "np": 1,
      "success": true,
      "time": 190.648,
      "time_median": 190.648,
      "time_min": 187.429,
      "times": [
        191.832,
        187.429,
        190.648
      ],
      "energy": -21.942939687227,
      "energies": [
        -21.959010451186,
        -21.949763281273,
        -21.942939687227
      ],
      "repeats": 3,
      "successful_reps": 3
    },
    {
      "impl": "pdmrg-gpu",
      "model": "heisenberg",
      "L": 50,
      "chi": 256,
      "sweeps": 15,
      "arch": "mi300x",
      "benchmark": "challenge",
      "threads": 1,
      "np": 1,
      "success": true,
      "time": 310.798,
      "time_median": 310.798,
      "time_min": 307.969,
      "times": [
        310.798,
        312.69,
        307.969
      ],
      "energy": -21.944572313326,
      "energies": [
        -21.93042811714,
        -21.959366225247,
        -21.944572313326
      ],
      "repeats": 3,
      "successful_reps": 3
    },
    {
      "impl": "pdmrg-gpu",
      "model": "heisenberg",
      "L": 100,
      "chi": 64,
      "sweeps": 20,
      "arch": "mi300x",
      "benchmark": "challenge",
      "threads": 1,
      "np": 1,
      "success": true,
      "time": 35.726,
      "time_median": 35.726,
      "time_min": 35.657,
      "times": [
        43.575,
        35.726,
        35.657
      ],
      "energy": -44.127739264845,
      "energies": [
        -44.127739264849,
        -44.127739264728,
        -44.127739264845
      ],
      "repeats": 3,
      "successful_reps": 3
    }
  ]
}