{
  "implementation": "dmrg2-gpu-base",
  "architecture": "mi300x",
  "benchmark": "challenge",
  "timestamp": "20260411_213439_r3_20260411T213439Z",
  "results": [
    {
      "impl": "dmrg2-gpu-base",
      "model": "tfim",
      "L": 50,
      "chi": 64,
      "sweeps": 20,
      "arch": "mi300x",
      "benchmark": "challenge",
      "threads": 1,
      "np": 1,
      "success": true,
      "time": 43.695,
      "time_median": 43.695,
      "time_min": 42.372,
      "times": [
        43.695,
        43.856,
        42.372
      ],
      "energy": -63.301189155421,
      "energies": [
        -63.301189155421,
        -63.301189155422,
        -63.301189155421
      ],
      "repeats": 3,
      "successful_reps": 3
    },
    {
      "impl": "dmrg2-gpu-base",
      "model": "tfim",
      "L": 50,
      "chi": 128,
      "sweeps": 20,
      "arch": "mi300x",
      "benchmark": "challenge",
      "threads": 1,
      "np": 1,
      "success": true,
      "time": 29.921,
      "time_median": 29.921,
      "time_min": 29.728,
      "times": [
        29.921,
        33.054,
        29.728
      ],
      "energy": -63.301189155422,
      "energies": [
        -63.301189155421,
        -63.301189155421,
        -63.301189155422
      ],
      "repeats": 3,
      "successful_reps": 3
    },
    {
      "impl": "dmrg2-gpu-base",
      "model": "tfim",
      "L": 50,
      "chi": 256,
      "sweeps": 15,
      "arch": "mi300x",
      "benchmark": "challenge",
      "threads": 1,
      "np": 1,
      "success": true,
      "time": 30.898,
      "time_median": 30.898,
      "time_min": 30.643,
      "times": [
        34.875,
        30.643,
        30.898
      ],
      "energy": -63.301189155421,
      "energies": [
        -63.301189155422,
        -63.301189155421,
        -63.301189155421
      ],
      "repeats": 3,
      "successful_reps": 3
    }
  ]
}