{
  "implementation": "dmrg2-gpu-base",
  "architecture": "mi300x",
  "benchmark": "challenge",
  "timestamp": "20260411_204322_r3_20260411T204322Z",
  "results": [
    {
      "impl": "dmrg2-gpu-base",
      "model": "josephson",
      "L": 16,
      "chi": 64,
      "sweeps": 20,
      "arch": "mi300x",
      "benchmark": "challenge",
      "threads": 1,
      "np": 1,
      "success": true,
      "time": 50.967,
      "time_median": 50.967,
      "time_min": 50.854,
      "times": [
        50.854,
        51.208,
        50.967
      ],
      "energy": -6.172597162304,
      "energies": [
        -6.172597162304,
        -6.172597162304,
        -6.172597162304
      ],
      "repeats": 3,
      "successful_reps": 3,
      "nmax": 2
    },
    {
      "impl": "dmrg2-gpu-base",
      "model": "josephson",
      "L": 16,
      "chi": 128,
      "sweeps": 20,
      "arch": "mi300x",
      "benchmark": "challenge",
      "threads": 1,
      "np": 1,
      "success": true,
      "time": 60.975,
      "time_median": 60.975,
      "time_min": 60.797,
      "times": [
        61.162,
        60.797,
        60.975
      ],
      "energy": -6.172597174056,
      "energies": [
        -6.172597174056,
        -6.172597174056,
        -6.172597174056
      ],
      "repeats": 3,
      "successful_reps": 3,
      "nmax": 2
    },
    {
      "impl": "dmrg2-gpu-base",
      "model": "josephson",
      "L": 16,
      "chi": 256,
      "sweeps": 15,
      "arch": "mi300x",
      "benchmark": "challenge",
      "threads": 1,
      "np": 1,
      "success": true,
      "time": 98.282,
      "time_median": 98.282,
      "time_min": 98.262,
      "times": [
        98.919,
        98.282,
        98.262
      ],
      "energy": -6.172597174065,
      "energies": [
        -6.172597174065,
        -6.172597174065,
        -6.172597174065
      ],
      "repeats": 3,
      "successful_reps": 3,
      "nmax": 2
    },
    {
      "impl": "dmrg2-gpu-base",
      "model": "josephson",
      "L": 32,
      "chi": 64,
      "sweeps": 20,
      "arch": "mi300x",
      "benchmark": "challenge",
      "threads": 1,
      "np": 1,
      "success": true,
      "time": 153.608,
      "time_median": 153.608,
      "time_min": 153.56,
      "times": [
        153.61,
        153.608,
        153.56
      ],
      "energy": -12.840605988745,
      "energies": [
        -12.840605988745,
        -12.840605988745,
        -12.840605988745
      ],
      "repeats": 3,
      "successful_reps": 3,
      "nmax": 2
    },
    {
      "impl": "dmrg2-gpu-base",
      "model": "josephson",
      "L": 32,
      "chi": 128,
      "sweeps": 20,
      "arch": "mi300x",
      "benchmark": "challenge",
      "threads": 1,
      "np": 1,
      "success": true,
      "time": 216.68,
      "time_median": 216.68,
      "time_min": 216.567,
      "times": [
        216.567,
        217.654,
        216.68
      ],
      "energy": -12.840606884494,
      "energies": [
        -12.840606884494,
        -12.840606884494,
        -12.840606884494
      ],
      "repeats": 3,
      "successful_reps": 3,
      "nmax": 2
    }
  ]
}