{
  "implementation": "dmrg2-gpu-base",
  "architecture": "mi300x",
  "benchmark": "challenge",
  "timestamp": "20260411_204322_r3_20260411T204322Z",
  "results": [
    {
      "impl": "dmrg2-gpu-base",
      "model": "josephson",
      "L": 16,
      "chi": 64,
      "sweeps": 20,
      "arch": "mi300x",
      "benchmark": "challenge",
      "threads": 1,
      "np": 1,
      "success": true,
      "time": 50.967,
      "time_median": 50.967,
      "time_min": 50.854,
      "times": [
        50.854,
        51.208,
        50.967
      ],
      "energy": -6.172597162304,
      "energies": [
        -6.172597162304,
        -6.172597162304,
        -6.172597162304
      ],
      "repeats": 3,
      "successful_reps": 3,
      "nmax": 2
    },
    {
      "impl": "dmrg2-gpu-base",
      "model": "josephson",
      "L": 16,
      "chi": 128,
      "sweeps": 20,
      "arch": "mi300x",
      "benchmark": "challenge",
      "threads": 1,
      "np": 1,
      "success": true,
      "time": 60.975,
      "time_median": 60.975,
      "time_min": 60.797,
      "times": [
        61.162,
        60.797,
        60.975
      ],
      "energy": -6.172597174056,
      "energies": [
        -6.172597174056,
        -6.172597174056,
        -6.172597174056
      ],
      "repeats": 3,
      "successful_reps": 3,
      "nmax": 2
    }
  ]
}