{
  "implementation": "pdmrg-gpu",
  "architecture": "mi300x",
  "benchmark": "challenge",
  "timestamp": "20260415_142413_pdmrg_w1p0_fixed",
  "results": [
    {
      "impl": "pdmrg-gpu",
      "model": "heisenberg",
      "L": 50,
      "chi": 64,
      "sweeps": 20,
      "arch": "mi300x",
      "benchmark": "challenge",
      "threads": 1,
      "np": 1,
      "success": true,
      "time": 38.588,
      "time_median": 38.588,
      "time_min": 38.427,
      "times": [
        38.427,
        38.588,
        38.708
      ],
      "energy": -21.95410751377,
      "energies": [
        -21.954253054753,
        -21.954258417927,
        -21.95410751377
      ],
      "repeats": 3,
      "successful_reps": 3
    },
    {
      "impl": "pdmrg-gpu",
      "model": "heisenberg",
      "L": 50,
      "chi": 128,
      "sweeps": 20,
      "arch": "mi300x",
      "benchmark": "challenge",
      "threads": 1,
      "np": 1,
      "success": true,
      "time": 92.708,
      "time_median": 92.708,
      "time_min": 92.223,
      "times": [
        93.067,
        92.223,
        92.708
      ],
      "energy": -21.9543188302,
      "energies": [
        -21.954294502891,
        -21.954308687628,
        -21.9543188302
      ],
      "repeats": 3,
      "successful_reps": 3
    },
    {
      "impl": "pdmrg-gpu",
      "model": "heisenberg",
      "L": 50,
      "chi": 256,
      "sweeps": 15,
      "arch": "mi300x",
      "benchmark": "challenge",
      "threads": 1,
      "np": 1,
      "success": true,
      "time": 153.928,
      "time_median": 153.928,
      "time_min": 153.689,
      "times": [
        154.419,
        153.689,
        153.928
      ],
      "energy": -21.954411962326,
      "energies": [
        -21.954141129704,
        -21.954449033897,
        -21.954411962326
      ],
      "repeats": 3,
      "successful_reps": 3
    }
  ]
}