{
  "implementation": "pdmrg-gpu",
  "architecture": "mi300x",
  "benchmark": "challenge",
  "timestamp": "20260415_140121_pdmrg_w0p0",
  "results": [
    {
      "impl": "pdmrg-gpu",
      "model": "josephson",
      "L": 16,
      "chi": 64,
      "sweeps": 20,
      "arch": "mi300x",
      "benchmark": "challenge",
      "threads": 1,
      "np": 1,
      "success": true,
      "time": 54.821,
      "time_median": 54.821,
      "time_min": 54.732,
      "times": [
        54.837,
        54.821,
        54.732
      ],
      "energy": -6.161555570064,
      "energies": [
        -6.161565942097,
        -6.16153875456,
        -6.161555570064
      ],
      "repeats": 3,
      "successful_reps": 3,
      "nmax": 2
    },
    {
      "impl": "pdmrg-gpu",
      "model": "josephson",
      "L": 16,
      "chi": 128,
      "sweeps": 20,
      "arch": "mi300x",
      "benchmark": "challenge",
      "threads": 1,
      "np": 1,
      "success": true,
      "time": 115.674,
      "time_median": 115.674,
      "time_min": 115.241,
      "times": [
        115.241,
        115.674,
        117.008
      ],
      "energy": -6.157550296394,
      "energies": [
        -6.157530402821,
        -6.156970084059,
        -6.157550296394
      ],
      "repeats": 3,
      "successful_reps": 3,
      "nmax": 2
    },
    {
      "impl": "pdmrg-gpu",
      "model": "josephson",
      "L": 16,
      "chi": 256,
      "sweeps": 15,
      "arch": "mi300x",
      "benchmark": "challenge",
      "threads": 1,
      "np": 1,
      "success": true,
      "time": 176.904,
      "time_median": 176.904,
      "time_min": 176.375,
      "times": [
        176.904,
        176.375,
        177.442
      ],
      "energy": -6.156944834836,
      "energies": [
        -6.156952226461,
        -6.157117377554,
        -6.156944834836
      ],
      "repeats": 3,
      "successful_reps": 3,
      "nmax": 2
    }
  ]
}