{
  "implementation": "pdmrg-gpu",
  "architecture": "mi300x",
  "benchmark": "challenge",
  "timestamp": "20260411_141549_r3_20260411T141549Z",
  "results": [
    {
      "impl": "pdmrg-gpu",
      "model": "josephson",
      "L": 16,
      "chi": 64,
      "sweeps": 20,
      "arch": "mi300x",
      "benchmark": "challenge",
      "threads": 1,
      "np": 1,
      "success": true,
      "time": 62.767,
      "time_median": 62.767,
      "time_min": 62.623,
      "times": [
        62.889,
        62.767,
        62.623
      ],
      "energy": -6.172597162314,
      "energies": [
        -6.172597162314,
        -6.172597162314,
        -6.172597162314
      ],
      "repeats": 3,
      "successful_reps": 3,
      "nmax": 2
    },
    {
      "impl": "pdmrg-gpu",
      "model": "josephson",
      "L": 16,
      "chi": 128,
      "sweeps": 20,
      "arch": "mi300x",
      "benchmark": "challenge",
      "threads": 1,
      "np": 1,
      "success": true,
      "time": 132.006,
      "time_median": 132.006,
      "time_min": 131.959,
      "times": [
        132.179,
        131.959,
        132.006
      ],
      "energy": -6.172597174066,
      "energies": [
        -6.172597174066,
        -6.172597174066,
        -6.172597174066
      ],
      "repeats": 3,
      "successful_reps": 3,
      "nmax": 2
    },
    {
      "impl": "pdmrg-gpu",
      "model": "josephson",
      "L": 16,
      "chi": 256,
      "sweeps": 15,
      "arch": "mi300x",
      "benchmark": "challenge",
      "threads": 1,
      "np": 1,
      "success": true,
      "time": 214.17,
      "time_median": 214.17,
      "time_min": 213.132,
      "times": [
        214.17,
        214.206,
        213.132
      ],
      "energy": -6.172597174075,
      "energies": [
        -6.172597174075,
        -6.172597174075,
        -6.172597174075
      ],
      "repeats": 3,
      "successful_reps": 3,
      "nmax": 2
    },
    {
      "impl": "pdmrg-gpu",
      "model": "josephson",
      "L": 32,
      "chi": 64,
      "sweeps": 20,
      "arch": "mi300x",
      "benchmark": "challenge",
      "threads": 1,
      "np": 1,
      "success": true,
      "time": 186.763,
      "time_median": 186.763,
      "time_min": 186.233,
      "times": [
        186.881,
        186.233,
        186.763
      ],
      "energy": -12.84060598882,
      "energies": [
        -12.84060598882,
        -12.840605988821,
        -12.84060598882
      ],
      "repeats": 3,
      "successful_reps": 3,
      "nmax": 2
    }
  ]
}