{
  "implementation": "pdmrg-gpu",
  "architecture": "mi300x",
  "benchmark": "challenge",
  "timestamp": "20260415_130847_pdmrg_w0p0",
  "results": [
    {
      "impl": "pdmrg-gpu",
      "model": "heisenberg",
      "L": 50,
      "chi": 64,
      "sweeps": 20,
      "arch": "mi300x",
      "benchmark": "challenge",
      "threads": 1,
      "np": 1,
      "success": true,
      "time": 37.948,
      "time_median": 37.948,
      "time_min": 37.378,
      "times": [
        38.171,
        37.378,
        37.948
      ],
      "energy": -21.954123000666,
      "energies": [
        -21.9551345994,
        -21.95413948749,
        -21.954123000666
      ],
      "repeats": 3,
      "successful_reps": 3
    },
    {
      "impl": "pdmrg-gpu",
      "model": "heisenberg",
      "L": 50,
      "chi": 128,
      "sweeps": 20,
      "arch": "mi300x",
      "benchmark": "challenge",
      "threads": 1,
      "np": 1,
      "success": true,
      "time": 87.194,
      "time_median": 87.194,
      "time_min": 87.086,
      "times": [
        87.086,
        87.194,
        87.684
      ],
      "energy": -21.954278534791,
      "energies": [
        -21.954082371317,
        -21.954505242815,
        -21.954278534791
      ],
      "repeats": 3,
      "successful_reps": 3
    },
    {
      "impl": "pdmrg-gpu",
      "model": "heisenberg",
      "L": 50,
      "chi": 256,
      "sweeps": 15,
      "arch": "mi300x",
      "benchmark": "challenge",
      "threads": 1,
      "np": 1,
      "success": true,
      "time": 147.29,
      "time_median": 147.29,
      "time_min": 146.705,
      "times": [
        147.29,
        146.705,
        148.196
      ],
      "energy": -21.954320531602,
      "energies": [
        -21.954225502531,
        -21.954119320529,
        -21.954320531602
      ],
      "repeats": 3,
      "successful_reps": 3
    }
  ]
}