{
  "quimb_DMRG1": {
    "energy": -5.142090628194911,
    "time": 0.831899881362915,
    "sweeps": 5
  },
  "quimb_DMRG2": {
    "energy": -5.142090628178135,
    "time": 0.5841019153594971,
    "sweeps": 3
  },
  "PDMRG_np8": {
    "energy": -5.1420906281781384,
    "time": 1.4949960708618164,
    "sweeps": "N/A"
  },
  "PDMRG2_np8": {
    "energy": -5.142090628178137,
    "time": 1.2709031105041504,
    "sweeps": "N/A"
  },
  "A2DMRG_np8": {
    "energy": -5.142090628178136,
    "time": 1.2051057815551758,
    "sweeps": 30
  }
}