{
  "quimb_DMRG1": {
    "energy": -21.085911022736607,
    "time": 0.9415833950042725,
    "sweeps": 15
  },
  "quimb_DMRG2": {
    "energy": -21.085910169197025,
    "time": 0.5553877353668213,
    "sweeps": 7
  },
  "PDMRG_np1": {
    "energy": -21.08591009778952,
    "time": 1.1389386653900146,
    "sweeps": "N/A"
  },
  "PDMRG_np2": {
    "energy": -21.085910169225627,
    "time": 0.5709137916564941,
    "sweeps": "N/A"
  },
  "PDMRG_np4": {
    "energy": -21.08591016922884,
    "time": 0.6056444644927979,
    "sweeps": "N/A"
  },
  "PDMRG_np8": {
    "energy": -21.08591016922649,
    "time": 0.5954110622406006,
    "sweeps": "N/A"
  },
  "PDMRG2_np1": {
    "energy": -21.085906344052834,
    "time": 56.01430654525757,
    "sweeps": "N/A"
  },
  "PDMRG2_np2": {
    "energy": -21.085910169227,
    "time": 0.5825543403625488,
    "sweeps": "N/A"
  },
  "PDMRG2_np4": {
    "energy": -21.08591016922409,
    "time": 0.5967206954956055,
    "sweeps": "N/A"
  },
  "PDMRG2_np8": {
    "energy": -21.085910169234086,
    "time": 0.5963118076324463,
    "sweeps": "N/A"
  },
  "A2DMRG_np1": {
    "energy": -21.085910175248806,
    "time": 17.483008861541748,
    "sweeps": 1
  },
  "A2DMRG_np2": {
    "energy": -21.085910174711096,
    "time": 245.9788534641266,
    "sweeps": 1
  },
  "A2DMRG_np4": {
    "energy": -21.085910174315217,
    "time": 584.0234177112579,
    "sweeps": 1
  },
  "A2DMRG_np8": {
    "energy": -21.085910173871834,
    "time": 1235.9576845169067,
    "sweeps": 1
  }
}