{
  "quimb_DMRG1": {
    "energy": -5.142090628199408,
    "time": 0.15656542778015137,
    "sweeps": 10
  },
  "quimb_DMRG2": {
    "energy": -5.142090628178137,
    "time": 0.08152294158935547,
    "sweeps": 4
  },
  "PDMRG_np1": {
    "energy": -5.142090628178235,
    "time": 0.14273977279663086,
    "sweeps": "N/A"
  },
  "PDMRG_np2": {
    "energy": -5.14209062817814,
    "time": 0.11139273643493652,
    "sweeps": "N/A"
  },
  "PDMRG_np4": {
    "energy": -5.142090628178126,
    "time": 0.11594033241271973,
    "sweeps": "N/A"
  },
  "PDMRG_np8": {
    "energy": -5.1420906281781305,
    "time": 0.1136019229888916,
    "sweeps": "N/A"
  },
  "A2DMRG_np1": {
    "energy": -5.142090628178138,
    "time": 5.454180955886841,
    "sweeps": 1
  },
  "A2DMRG_np2": {
    "energy": -5.142090628178136,
    "time": 2.9977056980133057,
    "sweeps": 1
  },
  "A2DMRG_np4": {
    "energy": -5.1420906281781384,
    "time": 2.173473596572876,
    "sweeps": 1
  },
  "A2DMRG_np8": {
    "energy": -5.142090628178138,
    "time": 1.3195745944976807,
    "sweeps": 1
  }
}