{
  "quimb_DMRG1": {
    "energy": -13.997308480726034,
    "time": 0.7873492240905762,
    "sweeps": 19
  },
  "quimb_DMRG2": {
    "energy": -13.997308356324131,
    "time": 0.3721184730529785,
    "sweeps": 7
  },
  "PDMRG_np1": {
    "energy": -13.997308348748737,
    "time": 0.7898266315460205,
    "sweeps": "N/A"
  },
  "PDMRG_np2": {
    "energy": -13.99730835632411,
    "time": 0.3996622562408447,
    "sweeps": "N/A"
  },
  "PDMRG_np4": {
    "energy": -13.997308356324028,
    "time": 0.40023279190063477,
    "sweeps": "N/A"
  },
  "PDMRG_np8": {
    "energy": -13.997308356323963,
    "time": 0.4141416549682617,
    "sweeps": "N/A"
  },
  "A2DMRG_np1": {
    "energy": -13.99730835633148,
    "time": 4.109438180923462,
    "sweeps": 1
  },
  "A2DMRG_np2": {
    "energy": -13.99730835633654,
    "time": 4.031954526901245,
    "sweeps": 1
  },
  "A2DMRG_np4": {
    "energy": -13.997308356331425,
    "time": 4.4155051708221436,
    "sweeps": 1
  },
  "A2DMRG_np8": {
    "energy": -13.997308356339136,
    "time": 5.093540191650391,
    "sweeps": 1
  }
}