{
  "quimb_DMRG1": {
    "energy": -5.142090628192402,
    "time": 0.5462155342102051,
    "sweeps": 5,
    "delta_E": -1.4263257241964311e-11,
    "passed": true
  },
  "quimb_DMRG2": {
    "energy": -5.1420906281781384,
    "time": 0.28000545501708984,
    "sweeps": 3,
    "delta_E": 0.0,
    "passed": true
  },
  "PDMRG_np1": {
    "energy": -5.142090628178135,
    "time": 0.8798403739929199,
    "sweeps": "N/A",
    "delta_E": 3.552713678800501e-15,
    "passed": true
  },
  "PDMRG_np2": {
    "energy": -5.142090628178136,
    "time": 0.47349119186401367,
    "sweeps": "N/A",
    "delta_E": 2.6645352591003757e-15,
    "passed": true
  },
  "PDMRG_np4": {
    "energy": -5.142090628178136,
    "time": 1.219831943511963,
    "sweeps": "N/A",
    "delta_E": 2.6645352591003757e-15,
    "passed": true
  },
  "PDMRG_np8": {
    "energy": -5.142090628178133,
    "time": 1.363269329071045,
    "sweeps": "N/A",
    "delta_E": 5.329070518200751e-15,
    "passed": true
  },
  "PDMRG2_np1": {
    "energy": -5.14209062817814,
    "time": 0.5599997043609619,
    "sweeps": "N/A",
    "delta_E": -1.7763568394002505e-15,
    "passed": true
  },
  "PDMRG2_np2": {
    "energy": -5.1420906281781305,
    "time": 0.7511646747589111,
    "sweeps": "N/A",
    "delta_E": 7.993605777301127e-15,
    "passed": true
  },
  "PDMRG2_np4": {
    "energy": -5.142090628178126,
    "time": 0.8569633960723877,
    "sweeps": "N/A",
    "delta_E": 1.2434497875801753e-14,
    "passed": true
  },
  "PDMRG2_np8": {
    "energy": -5.142090628178115,
    "time": 1.896108627319336,
    "sweeps": "N/A",
    "delta_E": 2.3092638912203256e-14,
    "passed": true
  },
  "A2DMRG_np1": {
    "energy": -5.142090628178134,
    "time": 0.3555779457092285,
    "sweeps": 30,
    "delta_E": 4.440892098500626e-15,
    "passed": true
  },
  "A2DMRG_np2": {
    "energy": -5.142090628178137,
    "time": 0.726386547088623,
    "sweeps": 30,
    "delta_E": 1.7763568394002505e-15,
    "passed": true
  },
  "A2DMRG_np4": {
    "energy": -5.142090628178137,
    "time": 1.0638973712921143,
    "sweeps": 30,
    "delta_E": 1.7763568394002505e-15,
    "passed": true
  },
  "A2DMRG_np8": {
    "energy": -5.142090628178134,
    "time": 1.941800832748413,
    "sweeps": 30,
    "delta_E": 4.440892098500626e-15,
    "passed": true
  }
}