{
  "quimb_DMRG2": {
    "energy": -7.349937028430919,
    "time": 253.34346103668213
  },
  "PDMRG_np1": {
    "energy": -7.349936721114027,
    "time": 70.22388863563538
  },
  "PDMRG_np2": {
    "energy": -7.349937010774802,
    "time": 81.21568298339844
  },
  "PDMRG_np4": {
    "energy": -7.349936933918343,
    "time": 99.30629229545593
  },
  "PDMRG_np8": {
    "energy": -7.349936941636279,
    "time": 136.11122679710388
  },
  "PDMRG2_np1": {
    "energy": -7.349936827339183,
    "time": 75.32235360145569
  },
  "PDMRG2_np2": {
    "energy": -7.349936858674567,
    "time": 75.4294855594635
  },
  "PDMRG2_np4": {
    "energy": -7.349937045039729,
    "time": 101.01971435546875
  },
  "PDMRG2_np8": {
    "energy": -7.349936670889848,
    "time": 145.8740153312683
  },
  "A2DMRG_np1": {
    "energy": -7.349936920824054,
    "time": 130.71358633041382
  },
  "A2DMRG_np2": {
    "error": "Timeout (600s)",
    "energy": null,
    "time": null
  },
  "A2DMRG_np4": {
    "error": "Timeout (600s)",
    "energy": null,
    "time": null
  },
  "A2DMRG_np8": {
    "error": "Timeout (600s)",
    "energy": null,
    "time": null
  }
}