{
  "quimb_DMRG2": {
    "energy": -2.2317112838999846,
    "time": 8.32303500175476
  },
  "PDMRG_np1": {
    "energy": -2.2317112838999775,
    "time": 7.1868743896484375
  },
  "PDMRG_np2": {
    "energy": -2.2317112838999815,
    "time": 7.0402750968933105
  },
  "PDMRG_np4": {
    "energy": -2.231711283899981,
    "time": 7.806136846542358
  },
  "PDMRG_np8": {
    "error": "Timeout (120s)",
    "energy": null,
    "time": null
  },
  "PDMRG2_np1": {
    "energy": -2.2317112838999824,
    "time": 8.104545593261719
  },
  "PDMRG2_np2": {
    "energy": -2.23171128389998,
    "time": 6.134068965911865
  },
  "PDMRG2_np4": {
    "energy": -2.2317112838999815,
    "time": 6.688280820846558
  },
  "PDMRG2_np8": {
    "error": "Timeout (120s)",
    "energy": null,
    "time": null
  },
  "A2DMRG_np1": {
    "energy": -2.231711283899979,
    "time": 6.153637409210205
  },
  "A2DMRG_np2": {
    "energy": -2.2317112838999797,
    "time": 21.306516408920288
  },
  "A2DMRG_np4": {
    "energy": -2.2317112838999797,
    "time": 17.484046459197998
  },
  "A2DMRG_np8": {
    "energy": -2.23171128389998,
    "time": 19.509475231170654
  }
}