{
  "parameters": {
    "L": 20,
    "E_C": 1.0,
    "E_J": 2.0,
    "n_max": 2,
    "phi_ext": 0.7853981633974483,
    "bond_dim": 50,
    "tol": 1e-10,
    "max_sweeps": 200
  },
  "timestamp": "2026-02-19T22:50:08.358326",
  "quimb1": {
    "energy": -15.678132929191424,
    "time": 317.6492688655853,
    "sweeps": "<bound method DMRG.sweep of <quimb.tensor.tensor_dmrg.DMRG1 object at 0x7ff17f8ca510>>"
  },
  "quimb2": {
    "energy": -15.678132897760149,
    "time": 722.4428460597992,
    "sweeps": "<bound method DMRG.sweep of <quimb.tensor.tensor_dmrg.DMRG2 object at 0x7ff17ee57b60>>"
  },
  "pdmrg": {
    "np1": {
      "energy": -15.678132894987344,
      "time": 1041.14,
      "delta_e": 2.772804208461821e-09
    },
    "np2": {
      "energy": -15.678132895488615,
      "time": 305.18,
      "delta_e": 2.2715340719514643e-09
    },
    "np4": {
      "energy": -15.67813289685305,
      "time": 426.4,
      "delta_e": 9.070983963965773e-10
    },
    "np8": {
      "energy": -15.678132897544709,
      "time": 686.49,
      "delta_e": 2.1544011019614118e-10
    }
  },
  "a2dmrg": {
    "np1": {
      "energy": -15.678132885851317,
      "time": 11270.89,
      "delta_e": 1.1908831254459074e-08
    },
    "np2": {
      "energy": -15.67813288380496,
      "time": 7741.76,
      "delta_e": 1.3955189004377644e-08
    },
    "np4": {
      "energy": -15.678132879288219,
      "time": 10213.89,
      "delta_e": 1.847192976356382e-08
    },
    "np8": {
      "energy": -15.678132878377536,
      "time": 12077.0,
      "delta_e": 1.9382612848062308e-08
    }
  }
}