{
  "config": {
    "L": 16,
    "bond_dim": 30,
    "max_sweeps": 20,
    "tol": 1e-08,
    "pass_tol": 1e-06,
    "nps": [
      1,
      2,
      4
    ]
  },
  "reference": {
    "quimb_DMRG2": {
      "energy": -6.911737142396563,
      "time": 1.9295845031738281
    }
  },
  "results": {
    "pdmrg_np1": {
      "energy": -6.911737142414485,
      "time": 2.133587598800659
    },
    "pdmrg_np2": {
      "energy": -6.9117371423975404,
      "time": 0.8258957862854004
    },
    "pdmrg_np4": {
      "energy": -6.911737142406223,
      "time": 1.3819189071655273
    },
    "pdmrg2_np1": {
      "energy": -6.911737142381962,
      "time": 1.350799560546875
    },
    "pdmrg2_np2": {
      "energy": -6.911737142404776,
      "time": 1.455803394317627
    },
    "pdmrg2_np4": {
      "energy": -6.911737142399021,
      "time": 0.9108574390411377
    }
  }
}